7441.672937774518,7755.067991401322,8054.130521059635,8342.208267579159,8618.470001397158,8877.54382588263,9124.247854403673,9358.41140620648,9577.965826114612,9785.226973412871,9981.058492228301,10161.086113905307,10332.8471221217,10492.842794457401,10642.097293932622,10776.33413857835,10904.887792142477,11025.556838902605,11136.82218735143,11232.944055710017,11329.1179939194,11416.451963259991,11498.928180788578,11572.173242589426,11637.283674543445,11700.056479549774,11757.864274254804,11811.151766303212,11860.272689604057,11903.426394784592,11940.287921873613,11973.670121978503,12006.005860559295,12035.229421123846,12061.405105038684,12083.692911004318,12103.067792202273,12115.41947054928,12128.27588267842,12138.78583055821,12149.76355063094,12159.920860498456,12162.86709148994,12168.83045244718,12168.091695939804,12162.660814532483,12162.77805150437,12160.239086158626,12151.544065017177,12148.484189991232,12139.857592686121
7486.376754821535,7822.810840685691,8147.6022749133,8456.684648305421,8753.550377561503,9032.95693951314,9297.878222079971,9551.243401047948,9786.610401332233,10012.061594728768,10220.084021144181,10417.608455815902,10601.978050154301,10773.729578036986,10930.29094761749,11080.389200166637,11219.846995138385,11350.022978764364,11463.053308824483,11575.420525812408,11678.621887273777,11775.067459731406,11862.180600919446,11939.90491815371,12013.906720602225,12082.532098489353,12146.398982060877,12204.935754769298,12257.35078323142,12302.560873087776,12343.317726162597,12383.342498406377,12419.382996248396,12451.531896268127,12479.98714633254,12504.83730576967,12522.168286681992,12539.660024411507,12554.024776119199,12569.45230259469,12583.29386286829,12589.49279461371,12598.636933887236,12600.698198789307,12597.753687247887,12600.247449613396,12599.884833960748,12593.067926278605,12591.802142758263,12584.685133988416,12580.095333350131
7523.097001955821,7883.3160415865905,8233.466581777793,8564.411800757063,8881.309526514493,9180.952474796075,9469.069364317918,9736.189432792045,9990.92163693135,10230.262018306743,10455.010795924776,10667.197794935211,10865.746348413786,11044.490583737523,11218.420478659447,11378.974407610782,11530.665769916748,11665.114676511397,11792.161196000188,11913.549119714939,12025.60821881587,12129.608635584384,12220.75029296416,12306.45139348404,12387.868859568547,12463.369593700721,12533.77911921683,12595.106335520726,12651.525837225265,12701.175097871492,12747.910038449227,12791.696092013633,12832.199516691682,12866.141716682425,12897.909202654437,12921.153431719851,12942.917615302022,12962.45658889059,12982.474483781363,13000.574589191066,13010.25055452955,13023.40522479375,13028.75033793514,13030.12555840634,13034.044097419464,13036.257640135495,13031.699642095668,13032.57814705448,13027.304613178227,13024.429135582963,13018.980864786781
7556.516977256172,7941.001512830792,8311.94110356471,8664.149236465099,9002.568580716445,9324.279745016822,9627.66412923124,9916.53593952935,10188.814160200547,10443.170749390722,10683.641574958923,10910.986641215259,11116.857106164041,11315.511844949307,11500.187229623427,11674.56111547859,11832.548820560049,11978.838334253478,12117.92460454526,12247.928388936863,12369.646272222248,12478.38277637045,12575.756232763308,12671.447998695847,12760.046325423466,12842.699582396293,12915.466392983151,12982.583353810855,13041.977078942104,13098.261437238496,13150.823367105339,13199.218660356953,13241.001372484305,13279.910166117508,13309.694764340325,13337.551907520232,13362.78364241238,13387.744476103335,13411.080401535024,13425.230565987753,13442.581847034744,13451.753291005829,13457.544241095899,13463.783367000271,13469.024383622642,13467.15380954804,13470.57365297101,13466.993613791641,13466.436244185796,13463.053282890216,13456.792269864198
7586.6094961336075,7994.718079618399,8386.148783819921,8761.436356940922,9117.220379235816,9460.683766422653,9782.594678213369,10090.295493015654,10376.554671646709,10651.033467169595,10906.795642425013,11147.874998531703,11369.144024763336,11580.076574768265,11778.479205543741,11961.475341494515,12128.306739457941,12289.789309087417,12438.19702124385,12578.671267546715,12705.69726425567,12820.315972773848,12929.949492128959,13033.145840529112,13129.525921614477,13215.110006099527,13295.042939622897,13364.869463239504,13431.613068626617,13494.060419467598,13551.71493063876,13601.711416416796,13649.680385874055,13687.090083533893,13723.527972826827,13752.708326662447,13783.702443944036,13812.625789737465,13831.580335517318,13854.082064171758,13867.669099932047,13877.529021435612,13887.513323609464,13896.273171769615,13897.555922123778,13903.950381723673,13903.01267010614,13904.90774175587,13903.662677067803,13899.383677472782,13889.050526932284
7607.605207638632,8040.459893577882,8453.111380523522,8848.588677231643,9229.12202287994,9588.251986841527,9931.002537762599,10254.520332753282,10560.637834997236,10850.506143742658,11121.885605762302,11372.966805672213,11613.892494734764,11838.222673362245,12048.402605894502,12238.140057050972,12422.647465352584,12593.024739964862,12753.832208141708,12900.64665468326,13034.703448409195,13161.989317730015,13279.704588898567,13390.943546167435,13490.914382216175,13586.111067801296,13666.9967752247,13745.463826329982,13818.880405630627,13887.098526122796,13946.36626472963,14003.712194854546,14049.51266367715,14093.672400892054,14131.37145551708,14167.828729261948,14202.93075666372,14227.885973102391,14256.211406091368,14274.857768505655,14289.394012292812,14303.492164497631,14316.512435239774,14321.458488093163,14330.941510186904,14333.45991038777,14338.229542245585,14339.123374832596,14337.598027415397,14329.3118091736,14325.022385674916
7628.815860845566,8079.861957166352,8513.76252163591,8930.537347867292,9330.200422854576,9709.392419517148,10072.332296357532,10412.28367995842,10735.75946433284,11042.79424807397,11324.356774231477,11596.212753888529,11849.941513510248,12089.775386099185,12308.519052899677,12513.938827049664,12709.316186069123,12892.30045302971,13060.21407560662,13215.996949772298,13360.984163473819,13497.149098218679,13624.826320009082,13740.476779988217,13851.505483217687,13946.409445049674,14037.110439068967,14122.907399375963,14202.91168351059,14272.870975498108,14340.400487668094,14395.631361418395,14449.637494210965,14496.298135943814,14538.757443979961,14580.787182851605,14612.668307499558,14646.84681589132,14672.351114911418,14692.65414875412,14710.523322356992,14729.821778949317,14737.339620892693,14750.810389036216,14756.417636424849,14765.008334889822,14771.693725759325,14770.117274951333,14765.765293957833,14762.268021057947,14760.675514215092
7640.498372368302,8113.429430174737,8567.29266599104,9007.539955529153,9423.36164947437,9823.470777041672,10202.294639400978,10563.476698526712,10904.151930194472,11226.639644851834,11526.018747513312,11810.941361076411,12080.802884848383,12329.735240494672,12562.307865021861,12782.999418483827,12990.405015479477,13185.122902715184,13360.749745531255,13524.83278538925,13681.739088194714,13827.713020319892,13963.577840319504,14088.409180667315,14201.159980499979,14305.318977197996,14404.17502520145,14496.527528842691,14577.999116644896,14657.371311775736,14724.789925860028,14787.114960921796,14843.011083595442,14894.10959518569,14944.112152095733,14983.309229351824,15024.493436442377,15057.567119792086,15083.211362920101,15106.69120353275,15131.281569757166,15145.415928597728,15161.63227788733,15171.361028425621,15183.784306318606,15193.993680239484,15195.561161695541,15197.7336327096,15193.265628810725,15194.148804472848,15192.467988120257
7647.736028617717,8140.022227101796,8615.19363344086,9071.774486404913,9511.281924226185,9930.303818912593,10327.42844805099,10705.287944821377,11064.91027168607,11397.492807076724,11718.11797869325,12018.725203496526,12301.74144481132,12560.837204716434,12811.239257776397,13044.125002737397,13264.29774326141,13467.128170869422,13652.698901133688,13829.656584435379,13996.214714189,14152.268143460993,14294.002685642718,14425.83964592396,14546.285528554501,14659.083945888327,14765.161565049948,14861.603252548197,14951.94334135216,15034.077936463405,15104.522779383382,15170.728382458732,15231.317148805008,15290.580725661463,15338.178732187995,15387.232947084773,15429.310170713814,15460.116028835448,15489.78480233814,15520.507234416757,15541.039407002147,15561.48568074747,15575.91574757816,15592.717220131646,15606.612543970667,15612.163254895378,15617.75112575359,15616.31484929118,15619.860543615632,15621.049912219483,15613.118445575325
7648.239031931501,8160.1364182397965,8657.675063374483,9131.55844220325,9590.578285664144,10025.73929798782,10443.574924931,10839.723729261736,11210.771229580896,11565.88990552536,11900.514996210777,12218.152395312723,12510.812362152375,12788.019698845454,13050.305588418578,13298.07159626541,13527.095068350533,13739.932801575336,13940.042444773413,14127.229884070168,14304.204893622167,14466.120480706359,14617.753292740485,14754.964336595498,14884.600001477347,15006.47922000271,15119.90855774488,15221.990346348488,15317.99790437207,15400.887692512928,15478.40770232604,15549.994741730367,15618.382116740308,15676.870256905075,15733.245182736628,15785.161236962056,15824.385974936915,15859.946256373183,15896.307048683533,15924.857488916925,15949.30769067211,15970.592587862702,15990.862016132827,16009.194405397626,16019.085284050883,16028.646962143435,16030.285913077825,16037.56949574764,16041.820111795116,16036.660959788083,16034.397580827695
7643.6642406924275,8174.193943178192,8688.409342258066,9184.893544103474,9661.152776413475,10116.932286297246,10551.435415968086,10964.648668330481,11352.710068406952,11724.14821558223,12076.183415545223,12404.657086981077,12713.345243824897,13006.60503363618,13283.270591214075,13541.347919137826,13781.483045901,14005.52951193489,14218.639699459376,14417.56138996439,14601.076483196219,14775.867749599445,14931.002364104686,15078.19206547712,15217.384217270597,15347.396573481223,15464.441471041582,15575.90477958396,15672.540636073438,15764.491546762867,15845.394053968495,15924.99221972485,15996.534014986399,16059.733029355375,16121.296773899929,16169.075601354001,16214.19350796413,16256.51271694525,16292.97557329627,16323.029662256247,16352.591370091553,16375.887949349475,16399.660401330846,16414.432815510165,16428.482290751974,16433.783760287846,16445.25646362066,16453.02798593205,16454.639714040637,16451.77253600815,16447.786845321825
7632.481377451356,8184.180317571656,8714.337198534817,9230.413069272625,9723.15150714645,10196.963862477254,10650.569114538346,11075.678851917692,11486.178797945278,11873.784429680476,12241.595944421133,12580.937932514042,12908.95707164464,13216.028666257795,13506.976721460733,13777.368848740502,14026.012430573304,14264.851377115623,14489.07831403036,14698.824974596806,14893.243557861273,15072.996901933573,15239.385630489882,15395.761439302922,15543.274899767634,15676.628603577461,15804.411972612039,15915.968516821995,16022.914593373593,16118.966367115032,16207.691569100509,16293.31936330191,16365.472675255096,16437.145138077907,16496.805482000334,16549.539599627173,16599.19357895341,16645.197460094056,16680.835198832978,16717.18589817092,16746.059045690454,16776.49198855429,16797.928864336067,16818.191605988646,16828.437774185848,16841.268405315743,16853.2250147743,16858.543093778033,16859.05597427944,16857.796184766623,16856.421641271732
7616.685557176948,8182.805539461305,8734.163713870963,9266.692991822123,9778.79500338683,10270.251155929047,10740.288846326874,11184.35931602589,11609.19212272419,12015.197539986999,12395.189968480003,12753.63455311763,13094.02684461842,13416.729672213794,13718.167160965288,13999.78652207294,14265.482602980283,14514.966799034151,14751.138368542277,14969.147041070135,15172.862558463545,15361.194658032537,15537.998858698631,15704.530979181769,15856.861503596307,16001.539527591964,16131.923810923465,16251.934095340179,16362.503368759975,16464.579929709143,16562.97872912595,16647.09476418225,16730.029764199535,16801.543452514154,16864.681924701734,16922.354857843526,16977.103635485728,17020.847056973304,17066.780449906128,17100.364912714973,17137.791800312756,17166.42089122867,17191.237150083303,17206.696290514043,17224.41683691662,17240.915773312918,17251.226426655972,17254.8275465127,17257.119593702108,17259.032599328082,17260.517088905286
7596.091845752535,8177.682554689318,8746.64206571749,9294.873871657905,9824.372228169803,10334.905013168687,10816.49852720628,11282.617359074058,11724.75063508953,12145.211987636838,12537.294713260851,12915.323335210986,13270.551302435737,13608.017189461178,13920.038533137904,14213.619385240083,14493.662572257457,14756.268389195973,15000.397664673017,15232.42459772128,15441.309325808983,15640.529384756783,15828.394511692126,16004.088688161757,16164.532904074218,16316.617168863055,16450.793435190422,16576.311838422338,16693.695517986143,16805.967672939914,16903.31313908523,16998.706616845146,17084.367499870703,17156.02182301526,17223.874588091727,17290.074455116533,17342.982807577424,17395.327909747597,17438.466565908086,17481.7897296276,17518.592734199417,17548.3906085178,17572.507917939536,17592.937445688254,17614.56030636892,17631.31347646065,17637.62548429183,17643.961603908636,17651.06567907977,17654.554252170794,17652.474229392836
7566.621021390523,8166.374094552205,8750.476209074099,9317.288494487184,9863.67922745397,10389.678526650196,10889.934150932686,11370.320239811692,11830.511978600813,12262.31073385629,12673.859944954474,13065.2515190689,13437.36693209267,13785.952255146056,14111.848687342599,14419.741432354962,14712.18633529387,14986.935487000786,15243.160218690056,15481.58030633965,15703.606791945209,15912.026683470865,16109.935868741539,16290.376892810831,16462.3401022425,16615.88971504837,16761.292408098485,16893.763254139303,17019.410164138644,17132.68900414184,17240.143516102667,17340.54774398415,17422.618918842865,17502.869271322314,17578.70431919787,17644.313830129766,17703.310884660437,17755.16919913746,17806.66670225217,17852.70932538565,17887.93392407817,17918.771894813046,17944.89698938525,17972.576849387227,17995.43656909675,18007.817817927815,18016.85944185479,18028.196984710852,18035.62180016352,18040.36798658844,18038.31867514097
7532.629554501906,8147.98937118184,8746.900996497718,9329.73136069003,9894.241771106457,10431.42203847806,10953.008956938478,11450.343670702021,11924.02237860023,12371.300048252275,12800.747941398491,13207.53493724513,13590.931751682714,13952.34352325084,14293.141961999232,14615.281046255936,14920.94169250259,15205.112077273548,15471.841142193036,15720.197405035922,15953.670969815706,16174.04553849854,16376.325860438616,16570.0118931742,16744.346935885238,16909.02845337661,17060.07909574712,17200.584714759618,17334.64531927752,17452.63505072781,17566.791793720018,17667.02235133536,17757.627685004914,17842.570482610452,17920.09563715678,17988.5167053185,18051.41247563205,18110.30520149311,18165.015617749203,18208.106507913097,18248.961699516487,18278.973853419564,18313.344929164283,18342.202452369507,18361.960685012342,18376.656435394532,18391.774408879308,18402.296099554787,18411.078386160407,18412.76408638137,18416.239735960924
7493.435725263973,8123.41232732095,8738.046616848455,9336.402618998476,9915.47426979124,10470.285233953453,11005.700535025195,11520.67044933828,12006.306184886036,12472.219398374942,12915.962684591197,13338.995108232262,13737.07911945192,14107.670920001523,14464.77512214883,14801.10886473912,15115.614753653013,15414.854528028447,15688.035964231827,15948.115526892412,16193.987568186863,16424.569060807517,16636.899571587564,16838.279236626626,17019.148990754908,17188.645471405474,17347.018663713545,17498.74661987036,17632.91745392222,17762.612480857257,17879.018731582637,17983.03097090107,18079.53882623206,18170.852267481027,18248.929637417434,18324.704183880283,18390.422924963987,18455.412583153135,18508.553954029627,18556.15957305865,18596.545119744354,18635.128995703828,18670.744358335844,18698.36295467812,18717.1555313813,18737.32781996008,18753.12425497459,18767.75039214514,18772.370419739967,18779.75678106375,18779.811722435374
7449.297236372037,8090.701944445002,8721.620044468162,9334.607791298247,9924.26658678569,10499.370050665028,11050.939568740907,11578.402636798211,12080.69401179754,12562.721122521521,13022.20186554562,13457.171869529238,13868.192494378356,14257.095551399932,14625.543430306068,14975.675180225018,15302.549462140973,15610.150931160082,15897.694728625649,16167.67683388074,16423.95444668848,16660.174024334414,16885.236411740585,17089.17810724749,17282.079980915856,17458.5207399736,17627.504762822286,17779.38174941236,17925.694369560053,18061.350411035106,18176.934815162822,18288.534702190074,18393.65258480656,18484.29427441034,18571.860136764997,18646.61985452965,18721.86854150412,18787.265747479727,18843.632491778597,18892.66607764513,18936.279463713385,18979.333451589337,19013.846182334684,19041.321943972955,19064.91053731322,19086.51630508156,19105.952311414763,19117.212221078196,19127.397540602025,19131.491120694573,19131.01872061323
7399.667139305777,8053.601230776445,8697.091002237506,9324.475937899317,9930.362184543894,10518.361095233295,11086.692011454052,11626.417989739552,12145.992392717126,12642.900385574902,13118.110693337283,13566.70903125474,13987.87926342926,14392.952534179067,14775.784842551187,15135.45990465366,15476.725829694964,15792.23056426625,16091.676631117612,16375.054518121222,16637.33947406949,16887.749916310357,17116.24401037894,17332.20939329762,17531.751170152093,17718.09724122444,17893.121279679468,18054.09923645829,18206.66355150018,18340.736275663836,18466.86900610918,18584.817590084476,18691.68477971137,18789.3693165464,18877.42707449486,18962.605742537355,19040.21559318542,19104.764287358175,19163.045826911606,19215.309772498684,19266.500406799078,19310.94013444827,19345.02322873958,19373.423862711257,19401.213651680024,19426.38938883222,19444.480679631313,19458.041159765646,19470.726609865123,19469.70912947187,19476.993397064158
7341.573576910979,8010.192633149972,8666.354978248937,9303.741222926299,9927.176033604896,10530.060993457411,11110.887034988049,11665.760069692671,12200.928210615331,12713.141300955418,13200.260545285455,13661.522491309066,14101.029905116495,14517.798718059314,14913.904459412037,15286.54597568927,15636.849867607976,15963.729525016908,16275.992889363528,16570.53349579102,16843.30794098295,17102.58125849251,17339.46085628781,17560.16357484201,17767.996732856118,17966.21669687276,18144.562096937967,18315.624982443154,18469.80824212577,18612.448914635224,18743.78482698878,18866.298363938757,18977.017278894196,19079.413554763552,19175.153726354758,19264.812245658515,19340.104210587393,19408.931168956973,19469.860732164572,19530.447592095676,19583.961860604628,19626.976156008266,19660.927883508284,19696.790805479624,19727.111686200005,19752.678683779286,19770.133259864528,19787.91939981677,19792.666534920692,19803.099469172506,19809.69064968498
7281.568854463634,7959.876511315939,8628.859624114426,9278.834896673246,9915.195015912432,10533.408474724074,11125.287425325558,11696.531266680213,12245.851040800713,12773.317346066266,13273.03602660897,13745.909758884094,14200.605882202966,14631.725409042685,15038.247150870418,15423.228853978462,15783.990962503942,16125.222290834326,16448.629285729578,16749.324915599696,17036.055846928524,17298.808846416992,17548.463753637563,17778.02749583966,17995.973712531868,18195.397471593453,18386.395279094253,18564.325696804757,18720.17269540877,18868.405303873606,19010.17746256387,19134.52455545278,19251.48900532157,19358.103811757075,19460.8050155834,19550.729758555182,19632.684466000406,19701.84940998356,19769.470103042244,19832.21043729024,19885.410719368072,19928.117086819893,19970.224200833032,20006.62305535428,20038.7034033708,20062.250864658057,20085.70987959594,20095.70334870459,20110.973690206534,20122.046798545776,20129.15905006215
7215.970251658539,7904.338753269466,8582.197168647252,9247.172375011443,9895.845483737634,10526.318100655988,11130.592758679573,11717.771240084165,12281.058924235347,12820.034285809752,13332.569197159552,13822.748741800751,14289.031480551439,14731.784487287114,15152.788787916701,15546.35553418396,15918.49939272449,16273.3762001806,16605.859789240985,16919.51213216378,17212.78621591723,17485.948389753794,17742.02649013763,17981.902791767247,18209.888898922225,18417.053082581373,18614.901070930122,18792.374248281172,18959.357956609958,19115.683841193513,19258.92342529928,19390.846239529692,19511.09231260153,19626.26854056929,19732.047351163532,19823.078207482376,19906.274267926183,19981.873960665183,20054.68592801028,20118.84674199269,20171.092190438983,20219.094586487012,20263.417493968383,20303.997767283952,20334.496437225316,20362.70138022067,20383.52249184358,20398.568454955934,20415.243595142172,20426.930849015014,20434.458774279155
7145.5134396005415,7843.641986944591,8529.48026437474,9207.951061451056,9869.013394772475,10509.448242288881,11128.74855775722,11728.231913066837,12306.586529068132,12857.508171090725,13381.332215033355,13885.610210522746,14366.467615709167,14821.031081326135,15252.20063078652,15659.002810137286,16043.522233452288,16409.572263670438,16750.854660040604,17076.09809725035,17376.105219510406,17658.620811249057,17922.594479618812,18174.43613110232,18404.4268867674,18624.128288699325,18825.349219533855,19011.199378157315,19183.92894091732,19345.629026437768,19493.368052958114,19630.472063618465,19759.066551329972,19879.169311384725,19983.172664200778,20079.19573701751,20165.599656907678,20249.713659565095,20325.411306930455,20387.82773226028,20443.16105765098,20495.9838454244,20544.275107998663,20583.858222618775,20617.49282380879,20646.202379661856,20665.223993357387,20687.93344732587,20704.84890326414,20717.164054425222,20724.031701129876
7069.555146720174,7776.167134266136,8473.069099606042,9160.31593315854,9832.835950553601,10482.87349083749,11118.34106758854,11730.558468081352,12319.205204323871,12882.833132546039,13422.51469182619,13938.498786528855,14429.341263058446,14898.916192371435,15338.662436612589,15756.732864510805,16155.19475996076,16528.26764931873,16884.07570353795,17214.114438723544,17526.838812408958,17818.55121837947,18092.524362533644,18348.21064826069,18590.141296696445,18817.222339213637,19020.2247530898,19213.93836310517,19396.629302472673,19560.884912849237,19715.314473852475,19857.412905834903,19993.060574987416,20114.09956364256,20223.030856075933,20322.268515794236,20415.62142377922,20502.548632540485,20577.17694345054,20640.70241261795,20703.85652556406,20759.792071389507,20808.95516339763,20848.68305531666,20886.91127470654,20911.07507199117,20938.898025257957,20961.556081933184,20979.41327723002,20992.48109752516,20991.76394229102
6989.577936765117,7700.922038016989,8409.480631381108,9106.774958285223,9788.411598898723,10452.132373655835,11097.087373467999,11722.989083903069,12324.161993031312,12896.390570871308,13450.636047306858,13980.046058327005,14483.078682301377,14961.80067520351,15415.089724609443,15844.744552287566,16254.396216768964,16637.815988033282,17003.550598407015,17342.718312905406,17661.031048408222,17961.968038417737,18248.214119906806,18510.785803931893,18761.12573288374,18988.831519754698,19204.35011730628,19404.646266765532,19590.572940925274,19762.828585595875,19921.136145865676,20071.954607897558,20211.376394312225,20334.051752656287,20447.15450998001,20550.86868299271,20649.853732185766,20737.37544148012,20812.3497451675,20884.312997920682,20948.851572126103,21008.29607064473,21056.324309350133,21100.875663573755,21133.20082932357,21166.845153756978,21195.785838473712,21219.47076822666,21237.869164831718,21246.069105044684,21252.994032261613
6905.792581667207,7623.379221405095,8338.994837205306,9046.323827287444,9735.805640939769,10411.546391304351,11068.436782251109,11703.719602827867,12315.259647127601,12903.404016500777,13468.07544715026,14008.279653490636,14524.805602767809,15011.8873250662,15476.04205950308,15919.323544108303,16335.928542806176,16733.67900668423,17104.4220758956,17455.863763686877,17785.338864769037,18095.066310637452,18383.80165432877,18659.162475803405,18917.314874470834,19150.132369828254,19370.834104480215,19579.58158490086,19769.042953209253,19946.835522105357,20113.642721487224,20270.144601568558,20408.215017645125,20536.56615365007,20653.371827905637,20765.720864532923,20867.577819834598,20955.984845607385,21035.068611794377,21109.99632690649,21178.76851924659,21237.541620017226,21289.16904507429,21333.213922904284,21369.674720459683,21406.2890056224,21436.41664155641,21461.011092888664,21477.303737942846,21486.591136973966,21497.966268908618
6816.172921631824,7541.613504614755,8263.715314676245,8977.534460645855,9677.148236101535,10363.072819127268,11031.031620447926,11677.36779082335,12296.357395381212,12897.982088021581,13475.137703139166,14026.040627538667,14551.970790144953,15051.966008528625,15526.823760928777,15981.482875592077,16408.07103476547,16815.724321612393,17195.521920503834,17552.91694738147,17891.34045519313,18213.102809034102,18510.061842497238,18792.902107597325,19049.761358596978,19296.18802619657,19525.51391830661,19737.49767178502,19933.865896950494,20117.251373584186,20291.501848999185,20449.034841851993,20592.69840510359,20724.636537327813,20848.568872810527,20964.31969059574,21066.370359041954,21155.699110456906,21242.676504732346,21321.038836127766,21389.602751561662,21450.45289437228,21506.819893361,21547.550112848407,21591.85172000467,21629.014203663068,21660.201101343486,21684.738777647046,21697.738076828613,21714.421252610628,21725.359653286665
6721.40218417213,7454.169343993545,8183.371597573627,8903.215287951862,9611.747736228732,10306.637644626333,10984.011709726788,11638.840996953868,12271.519642594136,12882.475558733438,13470.891271002667,14032.82164766961,14566.73079941199,15076.93469112578,15565.376757031525,16026.250857046418,16466.79133852081,16878.730412207304,17271.082112564272,17637.98955866947,17986.5092465487,18311.14958974859,18620.530428775342,18909.75367499595,19175.546111276635,19425.99568495075,19661.551887577436,19879.44335301637,20081.694473605552,20273.8662537523,20452.554970263354,20612.12425636128,20760.28411829931,20897.068754753705,21026.985695391548,21143.932284500595,21246.730945627758,21344.48280708948,21433.391291687338,21515.300458794667,21583.408483766085,21649.166503402757,21700.36679857156,21751.201894430007,21796.051045548564,21834.53126836784,21866.962574178262,21886.442556960246,21907.397888399766,21924.591901915388,21935.73702099845
6625.870219848673,7361.415936450438,8096.524440614878,8821.158497943006,9539.845498637644,10242.755448919881,10928.719544047,11592.048888474194,12235.268500604217,12857.257770038581,13454.231033874905,14027.003307239718,14571.759640844111,15092.555915719617,15591.27997774582,16061.546824513936,16511.754027515635,16933.107211112918,17330.698475633,17707.86145806867,18064.646146053867,18399.323068605856,18716.177221982365,19005.998311431496,19281.86680243793,19542.616533588345,19781.51673717389,20004.307943212407,20215.392841315566,20413.509360068194,20592.4916498312,20756.940381765282,20909.18444126106,21054.623626603574,21188.350386556864,21307.659672635276,21413.320136979764,21514.47138259495,21607.672611494185,21689.422570819574,21762.666266931774,21826.967714143982,21882.526800152446,21936.41194345242,21982.711205408348,22022.48925877368,22051.981189131955,22076.06342911527,22099.407681342323,22116.22475084585,22127.287908156584
6526.718275622383,7265.152144317183,8003.5544104508235,8736.042055803244,9459.538873698426,10171.86194127939,10863.89518600485,11536.20199554017,12189.408048312844,12822.099577350024,13427.9945474997,14008.854240523337,14562.289846243077,15095.314671783919,15600.303600669655,16083.84815544209,16538.13642000122,16971.470199657346,17378.29755985356,17765.140483889536,18126.89656218268,18471.608905041965,18792.87971586502,19093.493399549432,19375.158629225898,19639.786592707387,19886.803196533485,20115.169419684913,20333.57897545669,20534.622676960877,20718.82578110141,20888.730409399886,21045.809232997377,21195.124374295745,21329.15484420855,21448.68163250918,21563.700595132683,21668.534306379795,21763.17040057578,21846.08700565541,21924.155564197707,21985.836661996374,22048.927406974268,22103.71430200384,22151.44214240916,22191.549110654265,22219.532088001662,22249.38638547532,22272.821111184967,22290.074513388765,22300.701039578085
6424.089242142153,7165.323349576,7906.033930881863,8643.849599535837,9374.092655880178,10091.462923925003,10791.479307847369,11473.619391630096,12135.37046218473,12774.263304036416,13390.318762765095,13979.374996758479,14544.451818466056,15086.466127596927,15600.228036640932,16092.759936479895,16555.94125474954,16994.26256910151,17410.905517977593,17804.75635189374,18177.09080162671,18529.08041327491,18853.15505455289,19161.540193561876,19453.293268986323,19720.604993770252,19973.223430424638,20211.192913200164,20434.610385669926,20636.385824716228,20825.01368841576,20999.412782612366,21165.129426843596,21317.708628231077,21452.613343427263,21579.066466014985,21696.43299772668,21804.78130604173,21899.49808858513,21987.404969576997,22060.99775639144,22132.38616981809,22196.35987552529,22252.700115228352,22302.114134095795,22337.81102948349,22373.387725979606,22404.01859352408,22427.11009367968,22444.684473582805,22458.020880154036
6317.478035695803,7060.3254560617415,7803.1923149606055,8546.233967403798,9282.216433844149,10005.762993556022,10709.780488512424,11400.43126390357,12071.389437393505,12718.408758768699,13342.226348564549,13938.24010478151,14513.868395449932,15061.803273693204,15587.397688403136,16083.772045914495,16558.15905905219,17005.236390357484,17430.968428904005,17830.58133031361,18211.533383628248,18567.935009612447,18902.403161573075,19216.462340668528,19512.12719731146,19788.78101701255,20045.526430222282,20290.48710987264,20515.570742861022,20723.262084486963,20916.032232958034,21097.090698200394,21266.815537306684,21420.460315054806,21558.61123614248,21690.169775306957,21811.83801250653,21920.45147932524,22019.04727177957,22108.389352827533,22185.23526064456,22259.75672287129,22325.396684556777,22383.524174458114,22430.391340211896,22470.6369451827,22508.6070706847,22539.512858287,22563.44176304688,22581.700617882598,22596.65157760781
6208.91593317336,6951.806375827662,7698.250636512744,8443.591231595543,9184.710140629471,9911.472108130758,10623.724384632174,11320.277026315056,11996.63155015368,12653.139712853324,13281.855043852718,13888.463394201526,14472.37862863203,15028.459836386111,15562.281157203795,16066.799068046334,16545.69926293283,17001.95135331543,17434.1876528654,17843.810545509004,18231.68704498009,18590.853129133757,18931.815489146324,19256.513254762118,19554.881874882674,19836.910876018024,20102.863210088042,20352.844466431525,20580.065105840455,20792.4851307922,20990.278104764817,21177.436716428554,21349.054665601965,21502.011285173714,21649.865873727187,21784.668047131323,21907.92120336694,22018.082983998767,22121.49993987027,22208.294882805578,22292.890170618553,22368.5369550782,22435.906467282333,22494.55417468161,22540.376778945585,22586.133168843924,22624.67201024718,22655.203007699558,22679.937363049186,22700.86654667816,22715.742873597024
6098.09738710164,6839.15367518395,7587.500524681875,8336.240777751302,9079.245264692621,9810.064763779426,10528.460114483101,11231.81849872751,11914.484749942783,12576.068351373895,13213.531391894867,13827.345116361173,14418.124139961723,14982.530211227235,15520.407428701941,16034.60445302377,16522.852536865852,16986.130144435498,17423.781780257854,17841.382594763632,18233.482348412526,18602.505790170406,18949.77845534158,19276.768770983035,19582.89439464814,19870.784669344892,20143.372590450872,20395.025455481078,20626.05628449729,20842.849422128096,21048.777422532454,21240.01281773571,21414.34676988898,21572.184254981414,21722.0651171731,21860.855538880987,21985.7359336766,22099.70120645182,22200.37772401012,22294.428135787686,22380.992045851664,22458.357896560887,22527.777601202015,22582.608295684247,22635.600232906458,22682.348630588724,22721.048988438684,22752.81019942513,22779.32513742558,22800.98743779707,22815.332784467628
5983.802271934241,6723.78133401525,7473.137550180561,8223.88695404079,8969.695612782836,9702.766823221631,10426.31436158553,11135.727995064397,11823.769972732356,12489.340253155631,13133.121712805047,13755.893811797574,14351.722112282787,14925.179208460057,15469.680107258982,15988.232748052345,16483.52888424089,16953.91078483202,17400.835461273193,17824.92395204066,18219.507192110974,18594.56154588471,18950.81646072661,19282.147661575193,19594.45492400966,19889.3584655282,20166.838095199466,20420.51662548758,20658.2923130969,20879.715208764355,21089.832252666067,21283.106004315363,21456.903092670957,21623.416282142458,21777.030632325594,21916.341077126406,22043.996999526404,22160.68169431801,22263.651254257984,22362.195514080733,22450.383724974407,22529.594954937125,22597.600651722103,22656.25757091925,22711.594839770954,22759.20162585859,22798.517666089094,22831.230147377264,22859.37293813431,22880.183216532547,22893.176247862015
5867.345146446457,6606.853922526505,7354.947581476724,8106.305760531657,8852.753625006824,9590.947595094376,10318.23845410513,11029.838195105165,11723.744053216833,12395.104049314295,13044.785669229444,13674.256383782635,14275.682208987455,14853.952974731033,15405.416414632637,15932.33989092511,16433.752100836802,16908.99381340132,17363.088069451114,17790.947723940368,18194.77551781814,18575.677470803654,18935.191405403326,19272.62764817666,19590.54907430305,19891.588326387555,20170.495843364388,20428.064839100414,20669.972994256714,20899.459255652,21112.901094282188,21307.959036498924,21487.61727853687,21656.768174914556,21813.51711788589,21954.66006180876,22085.949312237415,22201.113855141302,22310.79732335645,22410.556054126653,22500.4806319544,22581.86916223242,22647.450182529643,22711.90421673739,22768.223511937616,22816.339050195926,22856.70696496724,22891.165283422713,22919.386798089155,22939.675984841037,22955.484104821186
5749.298680594506,6486.026448870335,7233.77735802795,7984.652034896397,8731.256961583898,9471.941251456925,10202.91315531937,10917.976661550254,11615.679903090722,12290.581919983388,12947.383401383575,13579.096877553002,14189.400268592988,14771.565922826256,15329.13757704248,15860.946542421972,16369.658516830263,16852.102490596477,17312.09840581305,17741.934681672825,18151.98298605438,18541.509686353755,18903.921045852127,19247.02405068138,19571.48747347806,19877.162282409765,20158.053396181658,20421.870835356334,20668.11574280413,20901.69552003911,21116.570459741175,21312.99522027783,21499.627555262705,21672.358317624043,21829.7859392131,21974.619833926907,22107.47968809625,22226.058450219774,22338.727521457386,22439.926599147053,22532.38660794977,22610.16485701278,22682.466923864504,22748.118706016456,22805.699909393898,22854.24300573187,22895.630950363917,22931.67259706423,22959.836155507488,22980.24957158985,22998.23872527834
5628.398860780392,6363.1352289382485,7109.212460143889,7858.683664704869,8605.102594099488,9347.596174576533,10079.85823050994,10799.09103863747,11497.965702241125,12178.952399374895,12840.54256297439,13476.71548804893,14092.377789575272,14679.278406580339,15241.779692543447,15779.938078552896,16291.425339463085,16781.31821448146,17245.429930990646,17682.63278804237,18097.093588547494,18489.229995241625,18858.230350115165,19206.560229478124,19536.55260121129,19843.426623540257,20128.037130518067,20395.74991111545,20649.540174928046,20886.279053642804,21102.23377923334,21304.77927295551,21494.002976917352,21669.570332018764,21827.889094239887,21977.157245313843,22108.277567061472,22233.529126178943,22347.435779993728,22450.9764694631,22542.501103071347,22622.884332440986,22698.34892704224,22765.293524744942,22822.552580374155,22872.1808369066,22915.892164650333,22951.39954059765,22978.629726956624,23002.976941809924,23021.41021728159
5507.870229701321,6237.938012629113,6981.284799817971,7728.462812690338,8475.771569022674,9218.820533541511,9952.163908807708,10672.620686779024,11374.611748979001,12058.898251640081,12722.451037934014,13364.845076331894,13981.317172055973,14575.57188891279,15141.592219649361,15686.784049026654,16203.13364856347,16697.961512025166,17162.410183178923,17606.14899213029,18028.448387835233,18423.01664762972,18797.03678084963,19151.31181350149,19485.556580372413,19794.121577801394,20084.511720979768,20356.170729472884,20613.856021671072,20852.012204592513,21070.735890876935,21277.93904578892,21470.79034222039,21647.079159384237,21809.834635133575,21956.98669401171,22094.59076111377,22221.86892106411,22337.310319072065,22443.230281036125,22533.223616284165,22618.296681852058,22694.94272416836,22762.59120775,22820.92919715068,22872.24029371125,22916.124466633722,22951.634332908165,22981.314249494033,23006.159614520402,23025.0159435163
5385.388036258718,6111.200263567421,6850.481479819696,7594.760718195149,8341.064407579915,9084.480376873244,9818.206115779876,10538.932990847226,11242.33973180139,11931.010195430561,12597.325740550677,13243.676357793538,13864.008539588609,14459.63657016857,15032.250798366733,15578.377574251124,16102.070777652832,16600.439186994103,17070.913519757585,17518.322351483646,17943.17808368935,18343.065374097536,18721.77983338148,19080.864499170148,19416.059282791568,19727.94350773515,20021.879537205583,20300.475948844083,20560.88497596735,20800.146506002002,21024.34034249794,21234.455768643256,21428.65275695534,21606.749046829787,21773.603716377685,21921.89100052423,22062.86037818948,22191.60351867168,22309.221161071768,22413.855335757704,22507.585631132886,22594.71520820996,22672.923542699766,22740.678520504243,22800.212732198066,22852.991768437176,22897.133565223074,22932.81592228074,22964.547116410704,22989.86301175936,23009.1202588761
5262.195150828836,5982.588857344357,6717.688646940271,7457.923452332279,8202.616272145544,8944.30513799161,9678.888306258525,10399.007349331576,11105.337446331145,11795.69220158493,12463.553241385373,13111.567232052004,13735.31557717549,14335.954719917141,14911.687536859801,15461.466964385656,15989.22040983928,16486.90832060476,16964.3695346033,17417.601977605158,17844.862392737563,18248.39015395755,18632.323626201163,18995.145883041638,19331.510845148434,19648.70100839936,19946.090081472114,20228.274956830082,20490.146255151278,20731.651706445788,20960.328430326466,21173.497815963197,21369.23705408382,21550.51683103686,21715.423489088138,21869.645222197367,22012.296915558767,22142.666093224085,22262.66236356847,22366.35912475184,22463.932369681635,22552.47326199852,22631.029361349683,22699.936414368938,22761.01318859587,22813.98806979977,22858.458320499405,22896.201147720523,22928.441381606783,22954.19904222874,22974.99567972994
5137.476051916659,5852.65146237111,6581.491491801156,7319.280580279801,8061.274540977695,8800.87943577942,9533.445819601955,10253.993305730599,10960.931186021024,11650.19688849919,12322.420252251948,12970.933079382798,13596.32872184142,14199.795507033054,14778.562103099635,15333.700204697707,15864.486314856551,16366.11497962693,16845.265142423745,17301.8268282063,17733.38145451486,18140.62395854282,18528.531922265436,18892.01762249317,19231.081012725335,19551.350778675085,19854.97656699161,20139.563330928875,20400.86929409318,20648.651048499327,20879.948695210696,21094.221354836856,21291.649867047203,21476.63258917037,21642.299123445067,21799.879735360486,21943.811146754782,22076.739603313377,22193.510764751685,22302.25420262863,22401.627941259176,22491.65089369175,22570.45974813846,22640.44816366024,22702.78694805726,22756.308787024438,22800.803701874407,22840.44252922219,22873.155877314675,22899.32547357074,22921.749949013934
5012.610802711455,5720.323878135448,6443.443095616908,7177.016892279949,7916.059705871228,8652.893512352117,9382.955448104289,10102.017871004997,10810.302684256056,11500.4230831445,12173.402380412557,12823.421197186517,13450.745084722643,14055.817258984218,14636.06445414095,15194.229246986431,15724.475685318992,16232.259834509658,16715.373612209238,17174.07877960683,17606.451485796697,18019.440348536922,18410.4376077661,18774.353533898524,19118.229806337236,19441.35353735591,19748.149866557607,20033.912083249274,20298.445951837904,20548.912160524087,20782.775337458137,20998.375418140913,21198.61885595879,21381.739041424764,21553.145740594362,21711.804902851472,21857.42195256006,21992.00695060154,22109.91253600237,22220.464288176354,22321.306817005476,22411.038638002574,22491.013753485156,22562.807352973858,22624.98204021993,22678.09275245035,22725.61243042799,22765.7449639378,22798.894407487114,22826.68776629155,22847.577240746832
4887.656092120986,5587.985860193874,6303.59155597013,7032.556356604627,7766.848157299307,8501.227578319755,9228.180035889021,9946.456398770679,10653.947776954321,11342.971854266641,12014.291426133745,12666.368881871551,13294.399373232729,13902.882621141747,14484.629654436136,15045.018683074177,15576.351955098322,16085.393068215157,16571.67168628609,17032.674824963047,17468.942475104468,17884.95451875604,18276.032866714537,18642.061503078665,18988.432136625845,19316.997955158444,19625.762655515908,19910.67390757544,20180.728350564194,20433.435676347406,20668.078557994682,20885.164047172548,21087.24216382604,21272.469615289534,21446.699841690177,21606.483318547715,21754.5983016952,21886.07377985115,22008.54897557789,22120.656400322845,22222.96193842191,22313.30613355138,22394.226602320447,22466.547548398747,22528.802953827337,22583.753774484852,22631.77568912255,22672.35723924132,22705.904772408445,22735.38993810265,22755.20715639717
4762.159679446126,5453.716203110006,6163.515621928941,6886.669751769834,7615.7823077281755,8345.269754326218,9069.529796238156,9785.866870278762,10489.507852565297,11179.90901657766,11850.535297636501,12500.906708672088,13131.410717787934,13738.017534033108,14323.283803540568,14884.05892725157,15418.777553388043,15929.683321452603,16417.10997211587,16878.02117421235,17319.395227234167,17737.29310334614,18128.099306138065,18498.17167911684,18846.690335813182,19177.896266899617,19487.437846387995,19774.983192981206,20047.31469437675,20302.02783740975,20537.69727010825,20757.158673462392,20958.780679898842,21147.63055570967,21322.738965769797,21483.99645688664,21632.407483431645,21765.61583672316,21890.027016743457,22004.107780729268,22105.515114222362,22196.954568669153,22279.375904439123,22351.71069296112,22414.72818350685,22471.11463914995,22519.585973496505,22560.57089045944,22597.144558236418,22623.206523696073,22645.421972801927
4635.912041327026,5318.867457074164,6021.4165363563725,6738.5018167023845,7461.802492083784,8186.206756212937,8905.850289964961,9620.452858185912,10322.003784359465,11010.7261213402,11679.689982167538,12330.233578592437,12960.062513240786,13567.078452965128,14152.963069341284,14711.274564716667,15249.166615185064,15762.987084367354,16250.177821065874,16714.253990833244,17156.879593962425,17575.958896439846,17968.14181182838,18340.01341922095,18691.71152554616,19024.385558052883,19333.38783753208,19625.121654759838,19898.979142664124,20154.06475282254,20390.92771100917,20611.81430859107,20815.280144899985,21006.43901961072,21182.120621781156,21346.002540179765,21492.510494886308,21629.071658852477,21754.29867467912,21869.039779262625,21971.531274302175,22063.77965802721,22146.28448025184,22219.161292675184,22283.68760933768,22340.510055623698,22389.3770973783,22432.071633992426,22467.15524428946,22495.428085055068,22516.558842126648
4510.670696533432,5183.768927578285,5878.771824764829,6588.9678102218395,7305.736803001144,8023.968474161419,8740.066806419007,9451.036542673675,10148.953294205994,10833.29962325071,11502.534670899711,12150.621332296001,12779.627010183918,13387.915565769988,13973.736980139107,14532.88703482954,15069.883560116017,15584.089613360295,16071.781975860502,16539.014869806422,16982.872413114805,17400.284070042624,17794.836065613075,18168.29967364421,18523.10740127731,18856.002613536784,19166.253640874587,19460.26188533689,19735.7385218967,19991.46226818925,20230.190488079654,20450.412948464484,20656.862207302718,20848.62997414917,21025.77336087306,21189.5179782931,21337.596892665424,21475.627230106424,21602.854732328808,21716.679306581613,21819.92907563283,21913.34585498175,21996.20828467612,22069.481621382398,22135.1181699529,22192.314448130128,22241.52274401052,22285.96418247704,22320.116101425207,22349.07849876178,22370.231276009086
4385.522886415342,5048.980588307039,5735.48283203349,6436.987403581958,7147.34093694252,7859.636819953606,8570.95375176591,9275.590411520283,9971.882275985527,10653.280031021894,11318.270302251638,11966.311982546526,12593.114384384491,13200.38883486931,13783.404926643225,14344.33608393004,14882.46374112369,15396.58965662993,15884.711055221727,16352.47503737195,16797.276507568804,17214.859004789087,17611.19169271558,17985.451280172358,18341.302750015515,18674.2133642731,18986.749868551626,19281.707586417026,19557.065026571938,19813.601707580554,20053.273755131995,20274.994586599412,20483.186348298546,20675.16538084067,20854.731509779718,21016.461283861354,21167.335496733285,21305.951163639136,21433.700738816366,21548.110067426696,21652.202331745713,21745.589779877486,21829.432946667956,21903.460038510915,21969.433025885497,22026.940365430564,22077.845292623133,22120.8027157381,22156.750463216908,22184.750384190906,22206.469491509746
4260.120783752608,4914.443795139894,5591.843933960163,6284.530763505153,6987.327226598082,7692.166991264695,8398.69481365175,9098.656199439365,9790.46730072815,10467.115530636254,11130.290607967032,11775.366428233356,12400.074897651724,13006.279462764634,13586.904707630627,14146.638821501214,14684.652398753067,15198.284242336655,15687.572690169078,16155.551973540192,16598.413406392225,17016.390621748844,17413.330576138807,17790.492070997683,18146.417493780296,18478.31735854752,18793.52782557437,19089.41807392244,19364.93798712032,19622.757863787447,19861.472352859168,20085.48643153561,20293.948053246506,20487.060435886277,20666.240778319636,20829.313164709634,20981.154808309675,21121.72298770376,21248.192761984305,21363.49671345831,21468.18276561283,21561.852409709536,21645.64823100037,21720.84352242991,21787.081563068325,21844.836760897902,21897.45369884562,21939.55406098236,21975.79826937242,22003.876339069822,22025.720781668057
4135.58771873685,4779.510893655615,5447.583312128227,6131.405875279093,6825.011971568378,7524.0399734386965,8224.08204256711,8917.596959282035,9602.949149702681,10277.59361157099,10935.481590927777,11577.332684034849,12201.222638789051,12804.825503183483,13384.217917419648,13942.602970386311,14478.92844298612,14989.889233155807,15480.677302153437,15948.554874223142,16389.338149061314,16808.692863942677,17205.638601565897,17583.639703971457,17939.414743816546,18272.256147409957,18587.75425581241,18883.431153058715,19158.815081168006,19418.10706002737,19656.81211135826,19881.950569704077,20090.200738939166,20285.455283420666,20462.4445684614,20627.71928448286,20779.863630324566,20920.758987237445,21047.57028030895,21163.41059830168,21267.911537542685,21361.859997678155,21446.71882351804,21522.116079735144,21588.547552001175,21647.944805006475,21699.055076596374,21742.94353799188,21778.117618819713,21806.525865548243,21829.172476642514
4011.512411877128,4645.104759391969,5302.757482815053,5977.409506494156,6662.576586303372,7353.82676012439,8045.364681436385,8734.371339565847,9414.199493251974,10082.37296248418,10737.502487793414,11374.759627414274,11995.519796565253,12593.335532830355,13172.990840376731,13730.825601123051,14264.214232532126,14775.224278178957,15264.81530989697,15730.272331183223,16169.991105709025,16589.008772892415,16987.79091711975,17365.497137221042,17718.228778881003,18053.696744757242,18369.53564269819,18664.333608642653,18940.82982101088,19197.70559563215,19439.079079851726,19664.335897756497,19873.03306495235,20067.78513739476,20245.625680950772,20411.33103872973,20565.30458842365,20704.526895975876,20832.016769041726,20948.14220552524,21052.801476173037,21147.29561060131,21232.274968517584,21307.79395013528,21374.34719783052,21435.380226851194,21485.67103261347,21529.648403055307,21564.735521904477,21593.215298098068,21616.740200646334
